{"name":"e1c16601-2368-41b7-ad3f-31b61bb481aa","id":"/providers/Microsoft.Flow/flows/e1c16601-2368-41b7-ad3f-31b61bb481aa","type":"Microsoft.Flow/flows","properties":{"apiId":"/providers/Microsoft.PowerApps/apis/shared_logicflows","displayName":"Employee Request Flow","definition":{"metadata":{"workflowEntityId":null,"processAdvisorMetadata":null,"flowChargedByPaygo":null,"flowclientsuspensionreason":"None","flowclientsuspensiontime":null,"flowclientsuspensionreasondetails":null,"creator":{"id":"ef771e1a-9d30-4033-b73a-2332f93723e5","type":"User","tenantId":"ad83d952-584e-4a18-8e18-6239adda521d"},"provisioningMethod":"FromDefinition","failureAlertSubscription":true,"clientLastModifiedTime":"2026-02-15T11:38:47.9804809Z","connectionKeySavedTimeKey":"2026-02-15T11:38:47.9804809Z","creationSource":"PowerAppsMaker","modifiedSources":"PowerAppsMaker"},"$schema":"https://schema.management.azure.com/providers/Microsoft.Logic/schemas/2016-06-01/workflowdefinition.json#","contentVersion":"1.0.0.0","parameters":{"$connections":{"defaultValue":{},"type":"Object"},"$authentication":{"defaultValue":{},"type":"SecureObject"}},"triggers":{"When_an_item_is_created_or_modified":{"recurrence":{"frequency":"Minute","interval":5},"evaluatedRecurrence":{"frequency":"Minute","interval":5},"splitOn":"@triggerOutputs()?['body/value']","metadata":{"operationMetadataId":"c72ec678-73c2-4473-baf4-44a5bf663755"},"type":"OpenApiConnection","inputs":{"host":{"apiId":"/providers/Microsoft.PowerApps/apis/shared_sharepointonline","connectionName":"shared_sharepointonline","operationId":"GetOnUpdatedItems"},"parameters":{"dataset":"https://pilship365.sharepoint.com/sites/er","table":"ee5858d2-36fe-4a2c-9710-6a46a98ef4aa"},"authentication":"@parameters('$authentication')"}}},"actions":{"Condition":{"actions":{"Send_an_email_(V2)":{"runAfter":{},"metadata":{"operationMetadataId":"25fc60c1-d46d-4cfc-8eff-fb33dfb6ca8d"},"type":"OpenApiConnection","inputs":{"host":{"apiId":"/providers/Microsoft.PowerApps/apis/shared_office365","connectionName":"shared_office365","operationId":"SendEmailV2"},"parameters":{"emailMessage/To":"@triggerOutputs()?['body/ManagerEmail']","emailMessage/Subject":"New Request Waiting for Your Action","emailMessage/Body":"<p>Hi @{triggerOutputs()?['body/ReportingManagerName']},<br>\n<br>\nA new request has been submitted and is waiting for your review.<br>\nPlease approve or reject the request in the Employee Request App.<br>\n<br>\nEmployee Name:@{triggerOutputs()?['body/EmployeeName']}<br>\nEmployee ID: @{triggerOutputs()?['body/EmployeeID']}<br>\n<br>\n<br>\nThis is an auto‑generated mail. Please do not reply.<br>\n<br>\nRegards,<br>\nSystem Notification.</p>","emailMessage/Importance":"Normal"},"authentication":"@parameters('$authentication')"}},"Send_an_email_(V2)_2":{"runAfter":{"Send_an_email_(V2)":["Succeeded"]},"metadata":{"operationMetadataId":"1e3b7ab2-e574-402d-81c9-d5a8f5b0ffb6"},"type":"OpenApiConnection","inputs":{"host":{"apiId":"/providers/Microsoft.PowerApps/apis/shared_office365","connectionName":"shared_office365","operationId":"SendEmailV2"},"parameters":{"emailMessage/To":"@triggerOutputs()?['body/EmployeeEmail']","emailMessage/Subject":"Your Request has been Submitted","emailMessage/Body":"<p>Hi @{triggerOutputs()?['body/EmployeeName']},<br>\n<br>\nYour request has been submitted successfully and is now waiting for manager review.<br>\nYou will receive another update once your manager approves or rejects the request.<br>\n<br>\nThis is an auto‑generated email. Please do not reply.<br>\n<br>\n<br>\nThanks,<br>\nSystem Notification</p>","emailMessage/Importance":"Normal"},"authentication":"@parameters('$authentication')"}}},"runAfter":{},"else":{"actions":{"Condition_2":{"actions":{"Send_an_email_(V2)_3":{"runAfter":{},"metadata":{"operationMetadataId":"8e0dd3ff-38a2-4e42-bed8-8b3afb53cb4a"},"type":"OpenApiConnection","inputs":{"host":{"apiId":"/providers/Microsoft.PowerApps/apis/shared_office365","connectionName":"shared_office365","operationId":"SendEmailV2"},"parameters":{"emailMessage/To":"@triggerOutputs()?['body/EmployeeEmail']","emailMessage/Subject":"Your Request Has Been Approved","emailMessage/Body":"<p>Hi @{triggerOutputs()?['body/EmployeeName']},<br>\n<br>\nYour request has been approved by your manager.<br>\nPlease check the app for details.<br>\n<br>\n<br>\nThis is an auto‑generated mail.<br>\n<br>\n<br>\nRegards,<br>\nSystem</p>","emailMessage/Importance":"Normal"},"authentication":"@parameters('$authentication')"}}},"runAfter":{},"else":{"actions":{"Send_an_email_(V2)_4":{"runAfter":{},"metadata":{"operationMetadataId":"9e37c298-f31d-419c-93a2-95993cd2f2ec"},"type":"OpenApiConnection","inputs":{"host":{"apiId":"/providers/Microsoft.PowerApps/apis/shared_office365","connectionName":"shared_office365","operationId":"SendEmailV2"},"parameters":{"emailMessage/To":"@triggerOutputs()?['body/EmployeeEmail']","emailMessage/Subject":"Your Request Has Been Rejected","emailMessage/Body":"<p>Hi @{triggerOutputs()?['body/EmployeeName']},<br>\n<br>\n<br>\nYour request has been rejected by your manager.<br>\nPlease check the app for details.<br>\n<br>\nThis is an auto‑generated mail.<br>\n<br>\n<br>\nRegards,<br>\nSystem</p>","emailMessage/Importance":"Normal"},"authentication":"@parameters('$authentication')"}}}},"expression":{"equals":["@triggerOutputs()?['body/Status']","Approved"]},"metadata":{"operationMetadataId":"646df93d-190d-46c7-809f-8465e3b6cd69"},"type":"If"}}},"expression":{"equals":["@triggerOutputs()?['body/Status']","Pending"]},"metadata":{"operationMetadataId":"3ffa2e49-3ab9-4cb0-b381-80e88e4c2578"},"type":"If"}}},"connectionReferences":{"shared_office365":{"connectionName":"shared-office365-0b8410fa-b5f3-421e-8831-2c8c93ae75c8","source":"Embedded","id":"/providers/Microsoft.PowerApps/apis/shared_office365","tier":"NotSpecified","apiName":"office365","isProcessSimpleApiReferenceConversionAlreadyDone":false},"shared_sharepointonline":{"connectionName":"befd6b059a484e07868a0e5f0b140978","source":"Embedded","id":"/providers/Microsoft.PowerApps/apis/shared_sharepointonline","tier":"NotSpecified","apiName":"sharepointonline","isProcessSimpleApiReferenceConversionAlreadyDone":false}},"flowFailureAlertSubscribed":false,"isManaged":false}}